timestamp,model,lr,weight_decay,batch,epochs_max,epochs_run,best_epoch,freeze_layers,max_train,seed,val_entity_f1,train_time_s,device
2026-10-09T21:18:19,crf,c1=0.05,c2=0.05,,,,,,,0,0.9338,64,cpu
2026-10-09T21:19:39,crf,c1=0.1,c2=0.01,,,,,,,0,0.9281,80,cpu
2026-10-09T21:21:27,crf,c1=0.5,c2=0.05,,,,,,,0,0.9258,108,cpu
2026-10-09T21:28:03,lilt-roberta-en-base,5e-05,0.01,4,1,1,1,0,16,42,0.244,59,cpu
2026-10-09T21:32:30,crf,c1=0.05,c2=0.05,,,,,,,0,0.9347,80,cpu
2026-10-09T21:33:55,crf,c1=0.1,c2=0.01,,,,,,,0,0.9338,85,cpu
2026-10-09T21:35:13,crf,c1=0.5,c2=0.05,,,,,,,0,0.9358,78,cpu
2026-10-09T21:41:06,crf[both],c1=0.05,c2=0.05,,,,,,,0,0.9285,84,cpu
2026-10-09T21:42:30,crf[both],c1=0.1,c2=0.01,,,,,,,0,0.9301,84,cpu
2026-10-09T21:43:53,crf[both],c1=0.5,c2=0.05,,,,,,,0,0.9308,83,cpu
